Name,Capacity,Type,Cache,Form Factor,Interface,Price
Samsung 990 Pro,2 TB,SSD,2048 MB,M.2-2280,M.2 PCIe 4.0 X4,$391.00
Kingston NV3,1 TB,SSD,,M.2-2280,M.2 PCIe 4.0 X4,$164.99
Crucial P310,1 TB,SSD,,M.2-2280,M.2 PCIe 4.0 X4,$149.99
Samsung 990 Pro,1 TB,SSD,1024 MB,M.2-2280,M.2 PCIe 4.0 X4,$199.99
Samsung 990 EVO Plus,2 TB,SSD,,M.2-2280,M.2 PCIe 5.0 X2,$329.99
Samsung 9100 PRO,8 TB,SSD,8192 MB,M.2-2280,M.2 PCIe 5.0 X4,$1699.99
Samsung 990 EVO Plus,1 TB,SSD,,M.2-2280,M.2 PCIe 5.0 X2,$164.99
Seagate Barracuda Compute,2 TB,7200 RPM,256 MB,3.5",SATA 6.0 Gb/s,$109.99
Silicon Power UD90,1 TB,SSD,,M.2-2280,M.2 PCIe 4.0 X4,$140.97
Crucial P310,2 TB,SSD,,M.2-2280,M.2 PCIe 4.0 X4,$279.00
Samsung 990 Pro,4 TB,SSD,4096 MB,M.2-2280,M.2 PCIe 4.0 X4,$742.99
Patriot P300,512 GB,SSD,,M.2-2280,M.2 PCIe 3.0 X4,$94.99
Western Digital WD_Black SN850X,2 TB,SSD,2048 MB,M.2-2280,M.2 PCIe 4.0 X4,$354.99
Samsung 980 Pro,1 TB,SSD,1024 MB,M.2-2280,M.2 PCIe 4.0 X4,$89.97
Samsung 9100 PRO,2 TB,SSD,2048 MB,M.2-2280,M.2 PCIe 5.0 X4,$419.99
Crucial P510,2 TB,SSD,,M.2-2280,M.2 PCIe 5.0 X4,$254.76
Western Digital Caviar Blue,1 TB,7200 RPM,64 MB,3.5",SATA 6.0 Gb/s,$84.99
Samsung 870 Evo,1 TB,SSD,1024 MB,2.5",SATA 6.0 Gb/s,$247.50
Silicon Power UD90,2 TB,SSD,,M.2-2280,M.2 PCIe 4.0 X4,$249.97
Samsung 9100 PRO,4 TB,SSD,4096 MB,M.2-2280,M.2 PCIe 5.0 X4,$798.65
Kingston NV3,500 GB,SSD,,M.2-2280,M.2 PCIe 4.0 X4,$101.49
Western Digital WD_Black SN850X,1 TB,SSD,1024 MB,M.2-2280,M.2 PCIe 4.0 X4,$234.90
Samsung 9100 PRO,1 TB,SSD,1024 MB,M.2-2280,M.2 PCIe 5.0 X4,$209.99
Seagate BarraCuda,4 TB,5400 RPM,256 MB,3.5",SATA 6.0 Gb/s,$207.67
Samsung 870 Evo,500 GB,SSD,512 MB,2.5",SATA 6.0 Gb/s,$55.98
Samsung 980 Pro,2 TB,SSD,2048 MB,M.2-2280,M.2 PCIe 4.0 X4,$387.95
Kingston NV3,2 TB,SSD,,M.2-2280,M.2 PCIe 4.0 X4,$334.45
Crucial E100,1 TB,SSD,,M.2-2280,M.2 PCIe 4.0 X4,$168.59
Silicon Power P34A60,1 TB,SSD,,M.2-2280,M.2 PCIe 3.0 X4,$132.97
Crucial P510,1 TB,SSD,,M.2-2280,M.2 PCIe 5.0 X4,$219.62
Western Digital WD_Black SN850X,4 TB,SSD,2048 MB,M.2-2280,M.2 PCIe 4.0 X4,$599.99
Crucial P5 Plus W/Heatsink,2 TB,SSD,,M.2-2280,M.2 PCIe 4.0 X4,
Crucial BX500,1 TB,SSD,,2.5",SATA 6.0 Gb/s,$149.99
Patriot P300,256 GB,SSD,,M.2-2280,M.2 PCIe 3.0 X4,$63.99
Samsung 970 Evo Plus,500 GB,SSD,512 MB,M.2-2280,M.2 PCIe 3.0 X4,$139.99
Samsung 990 EVO Plus,4 TB,SSD,,M.2-2280,M.2 PCIe 5.0 X2,$619.29
Seagate Barracuda Compute,8 TB,5400 RPM,256 MB,3.5",SATA 6.0 Gb/s,$199.99
Samsung 970 Evo Plus,1 TB,SSD,1024 MB,M.2-2280,M.2 PCIe 3.0 X4,
Crucial P3 Plus,1 TB,SSD,,M.2-2280,M.2 PCIe 4.0 X4,$332.79
Patriot P400 Lite,500 GB,SSD,,M.2-2280,M.2 PCIe 4.0 X4,$142.26
Silicon Power P34A60,512 GB,SSD,,M.2-2280,M.2 PCIe 3.0 X4,$94.97
Western Digital WD_BLACK SN7100,1 TB,SSD,,M.2-2280,M.2 PCIe 4.0 X4,$199.99
Kingston NV2,1 TB,SSD,,M.2-2280,M.2 PCIe 4.0 X4,
Seagate BarraCuda,1 TB,7200 RPM,64 MB,3.5",SATA 6.0 Gb/s,$50.99
Western Digital Blue,2 TB,7200 RPM,256 MB,3.5",SATA 6.0 Gb/s,$88.99
Crucial T710,4 TB,SSD,,M.2-2280,M.2 PCIe 5.0 X4,$554.03
Crucial P3,1 TB,SSD,,M.2-2280,M.2 PCIe 3.0 X4,
Western Digital Blue SN580,1 TB,SSD,,M.2-2280,M.2 PCIe 4.0 X4,
Samsung 870 Evo,2 TB,SSD,2048 MB,2.5",SATA 6.0 Gb/s,$474.95
Samsung 970 Evo Plus,2 TB,SSD,1024 MB,M.2-2280,M.2 PCIe 3.0 X4,
Crucial P310,500 GB,SSD,,M.2-2280,M.2 PCIe 4.0 X4,$150.91
Western Digital Black SN770,1 TB,SSD,,M.2-2280,M.2 PCIe 4.0 X4,$218.99
Kingston A400,240 GB,SSD,,2.5",SATA 6.0 Gb/s,$78.98
Lexar NM790,1 TB,SSD,,M.2-2280,M.2 PCIe 4.0 X4,$189.97
Crucial P310,4 TB,SSD,,M.2-2280,M.2 PCIe 4.0 X4,$562.00
Western Digital WD_Black SN850X,8 TB,SSD,2048 MB,M.2-2280,M.2 PCIe 4.0 X4,$1319.00
Crucial P3 Plus,2 TB,SSD,,M.2-2280,M.2 PCIe 4.0 X4,$299.99
Silicon Power UD90,500 GB,SSD,,M.2-2280,M.2 PCIe 4.0 X4,$97.97
Samsung 970 Evo,1 TB,SSD,1024 MB,M.2-2280,M.2 PCIe 3.0 X4,
Western Digital WD_BLACK SN7100,2 TB,SSD,,M.2-2280,M.2 PCIe 4.0 X4,$353.00
Crucial T710,2 TB,SSD,,M.2-2280,M.2 PCIe 5.0 X4,$323.99
Western Digital WD_BLACK SN8100,4 TB,SSD,4096 MB,M.2-2280,M.2 PCIe 5.0 X4,$849.99
Samsung 870 Evo,4 TB,SSD,4096 MB,2.5",SATA 6.0 Gb/s,$714.99
TEAMGROUP MP44L,1 TB,SSD,,M.2-2280,M.2 PCIe 4.0 X4,$184.99
Western Digital WD Blue SN5000,2 TB,SSD,,M.2-2280,M.2 PCIe 4.0 X4,$294.92