Name,Socket,Form Factor,Memory,Memory Slots,Color,Price
MSI MAG B850 TOMAHAWK MAX WIFI,AM5,ATX,256 GB,4,Black / Green,$224.00
Asus B650E MAX GAMING WIFI W,AM5,ATX,256 GB,4,White,$149.99
Gigabyte B850 AORUS ELITE WIFI7,AM5,ATX,256 GB,4,Black,$179.99
MSI B650 GAMING PLUS WIFI,AM5,ATX,192 GB,4,Black,$179.95
Asus TUF GAMING B650E-E WIFI,AM5,ATX,256 GB,4,Black,
ASRock B850M Pro-A WiFi,AM5,Micro ATX,256 GB,4,Black,$119.99
Gigabyte B850 EAGLE WIFI6E,AM5,ATX,256 GB,4,Gray / Black,$149.30
Gigabyte B650 EAGLE AX,AM5,ATX,192 GB,4,Gray / Black,$139.99
Asus ROG STRIX B850-A GAMING WIFI,AM5,ATX,192 GB,4,White,$209.99
Asus Z790 GAMING WIFI7,LGA1700,ATX,192 GB,4,Silver / Black,$149.99
MSI B550M PRO-VDH WIFI,AM4,Micro ATX,128 GB,4,Black,$99.99
Asus ROG STRIX B550-F GAMING WIFI II,AM4,ATX,128 GB,4,Black / Red,$139.99
Gigabyte B550M GAMING X WIFI6,AM4,Micro ATX,128 GB,4,Gray / Black,$154.99
MSI MAG B550 TOMAHAWK MAX WIFI,AM4,ATX,128 GB,4,Silver / Black,$158.38
MSI MAG B650 TOMAHAWK WIFI,AM5,ATX,256 GB,4,Black,$179.99
MSI MAG X870 TOMAHAWK WIFI,AM5,ATX,256 GB,4,Black,$239.89
Asus ROG ZENITH II EXTREME ALPHA,sTRX4,EATX,256 GB,8,Black / Silver,
Gigabyte X870 AORUS ELITE WIFI7 ICE,AM5,ATX,256 GB,4,White,$239.99
Asus ROG STRIX X870E-E GAMING WIFI,AM5,ATX,256 GB,4,Black,$369.00
Asus ROG CROSSHAIR X870E EXTREME,AM5,EATX,256 GB,4,Black / Silver,$999.99
ASRock B450M/ac R2.0,AM4,Micro ATX,128 GB,4,Black / Silver,$79.98
ASRock B650M Pro RS,AM5,Micro ATX,256 GB,4,Black / Silver,$99.99
MSI PRO B550M-VC WIFI,AM4,Micro ATX,128 GB,4,Black,$99.99
Gigabyte B650 GAMING X AX V2,AM5,ATX,192 GB,4,Gray / Black,$172.95
MSI PRO B760-P WIFI DDR4,LGA1700,ATX,128 GB,4,Black,$159.99
MSI PRO Z790-A MAX WIFI,LGA1700,ATX,256 GB,4,Silver / Black,$314.99
Gigabyte X870 EAGLE WIFI7,AM5,ATX,256 GB,4,Black,$169.99
Asus ROG STRIX X870-A GAMING WIFI,AM5,ATX,256 GB,4,White,$218.00
Gigabyte B550M AORUS ELITE AX,AM4,Micro ATX,128 GB,4,Black / Silver,$108.99
Asus ROG STRIX B850-F GAMING WIFI,AM5,ATX,192 GB,4,Black,$281.99
MSI MAG X870E TOMAHAWK WIFI,AM5,ATX,256 GB,4,Black / Green,$264.99
Asus TUF GAMING B850M-PLUS WIFI,AM5,Micro ATX,256 GB,4,Black,$180.49
Gigabyte B850 AORUS ELITE WIFI7 ICE,AM5,ATX,256 GB,4,White / Silver,$179.19
ASRock B650M Pro RS WiFi,AM5,Micro ATX,256 GB,4,Black / Silver,$119.99
MSI MPG B550 GAMING PLUS,AM4,ATX,128 GB,4,Black,$139.99
MSI Z890 GAMING PLUS WIFI,LGA1851,ATX,256 GB,4,Black,$209.99
Gigabyte B550 GAMING X V2,AM4,ATX,128 GB,4,Black,$89.99
MSI PRO B850-S WIFI6E,AM5,ATX,256 GB,4,Black,$149.99
Gigabyte Z790 EAGLE AX,LGA1700,ATX,256 GB,4,Gray / Black,$159.99
MSI B550-A PRO,AM4,ATX,128 GB,4,Black / Silver,$99.99
ASRock B550M Pro4,AM4,Micro ATX,128 GB,4,Silver / Black,$79.99
Gigabyte B850M EAGLE WIFI6E ICE,AM5,Micro ATX,256 GB,4,White,$149.99
Gigabyte A520I AC,AM4,Mini ITX,64 GB,2,Black,$99.99
Asus ROG STRIX X870E-H GAMING WIFI7,AM5,ATX,256 GB,4,Black,$339.99
MSI PRO B650-S WIFI,AM5,ATX,192 GB,4,Black,$129.99
Gigabyte Z890 AORUS ELITE WIFI7,LGA1851,ATX,256 GB,4,Black,$199.99
MSI PRO H610M-G DDR4,LGA1700,Micro ATX,64 GB,2,Black / Silver,$108.00
MSI B760 GAMING PLUS WIFI,LGA1700,ATX,192 GB,4,Black / Silver,$132.99
Asus ROG STRIX B650-A GAMING WIFI,AM5,ATX,192 GB,4,Black / Silver,$139.99
Asus ROG CROSSHAIR X870E HERO BTF,AM5,ATX,256 GB,4,Black,$799.99
MSI B850 GAMING PLUS WIFI6E,AM5,ATX,256 GB,4,Silver,$149.99
Asus ProArt X870E-CREATOR WIFI,AM5,ATX,256 GB,4,Black / Gold,$487.00
Gigabyte B650M GAMING WIFI6E,AM5,Micro ATX,128 GB,2,Silver / Black,$174.40
Asus ROG STRIX B650E-F GAMING WIFI,AM5,ATX,192 GB,4,Black,$179.99
Gigabyte X870E AORUS PRO ICE,AM5,ATX,256 GB,4,White,$299.99
ASRock B650 Steel Legend WiFi,AM5,ATX,256 GB,4,White / Silver,$159.99
Asus TUF GAMING B650E-PLUS WIFI,AM5,ATX,256 GB,4,Black / Silver,$149.99
Gigabyte X870 AORUS ELITE WIFI7,AM5,ATX,256 GB,4,Black,$219.49
Asus TUF GAMING B850-E WIFI,AM5,ATX,256 GB,4,Black,$151.40
ASRock B760M PG Riptide Wifi,LGA1700,Micro ATX,192 GB,4,Black,$119.99
Asus TUF GAMING B550M-PLUS WIFI II,AM4,Micro ATX,128 GB,4,Black / Gray,$189.99
ASRock B650M-H/M.2+,AM5,Micro ATX,96 GB,2,Silver / Black,$89.99
ASRock Phantom Gaming X870E Nova WiFi,AM5,ATX,256 GB,4,Black / Purple,$259.99
MSI PRO B850M-P WIFI,AM5,Micro ATX,256 GB,4,Black / Silver,$155.09
Asus TUF GAMING Z790-PLUS WIFI,LGA1700,ATX,192 GB,4,Black / Gray,$189.00
